{
  "biomes": {
    "default": {
      "water_surface_color": "#A0D6FA",
      "water_surface_transparency": 0.20,
      "water_fog_color": "#A0D6FA",
      "water_fog_distance": 5012
    },
    "plains": {
      "water_surface_color": "#A0D6FA",
      "water_fog_color": "#44AFF5"
    },
    "sunflower_plains": {
      "water_surface_color": "#A0D6FA",
      "water_fog_color": "#44AFF5"
    },
    "desert": {
      "water_surface_color": "#A0D6FA",
      "water_fog_color": "#32A598"
    },
    "extreme_hills": {
      "water_surface_color": "#A0D6FA",
      "water_fog_color": "#007BF7"
    },
    "forest": {
      "water_surface_color": "#A0D6FA",
      "water_fog_color": "#1E97F2"
    },
    "flower_forest": {
      "water_surface_color": "#A0D6FA",
      "water_fog_color": "#20A3CC"
    },
    "taiga": {
      "water_surface_color": "#287082",
      "water_fog_color": "#287082"
    },
    "taiga_mutated": {
      "water_surface_color": "#1E6B82",
      "water_fog_color": "#1E6B82"
    },
    "swampland": {
      "water_surface_color": "#96AFA4",
      "water_surface_transparency": 0.10,
      "water_fog_color": "#4c6559",
      "water_fog_distance": 5012
    },
    "swampland_mutated": {
      "water_surface_color": "#96AFA4",
      "water_surface_transparency": 0.10,
      "water_fog_color": "#4c6156",
      "water_fog_distance": 5012
    },
    "river": {
      "water_surface_color": "#A0D6FA",
      "water_fog_color": "#0084FF",
      "water_fog_distance": 5012
    },
    "hell": {
      "water_surface_color": "#905957",
      "water_fog_color": "#905957"
    },
    "the_end": {
      "water_surface_color": "#62529e",
      "water_fog_color": "#62529e"
    },
    "frozen_river": {
      "water_surface_color": "#A0D6FA",
      "water_fog_color": "#185390",
      "water_fog_distance": 5012
    },
    "ice_plains": {
      "water_surface_color": "#3688EB",
      "water_fog_color": "#14559b"
    },
    "ice_plains_spikes": {
      "water_surface_color": "#3688EB",
      "water_fog_color": "#14559b"
    },
    "ice_mountains": {
      "water_surface_color": "#3688EB",
      "water_fog_color": "#1156a7"
    },
    "mushroom_island": {
      "water_surface_color": "#B8B7BF",
      "water_fog_color": "#8a8997"
    },
    "mushroom_island_shore": {
      "water_surface_color": "#B8B7BF",
      "water_fog_color": "#818193"
    },
    "beach": {
      "water_surface_color": "#A0D6FA",
      "water_fog_color": "#157cab",
      "water_fog_distance": 5012
    },
    "desert_hills": {
      "water_surface_color": "#36ACDE",
      "water_fog_color": "#1a7aa1"
    },
    "forest_hills": {
      "water_surface_color": "#A0D6FA",
      "water_fog_color": "#056bd1"
    },
    "taiga_hills": {
      "water_surface_color": "#46A2CE",
      "water_fog_color": "#236583"
    },
    "extreme_hills_edge": {
      "water_surface_color": "#3C8DFB",
      "water_fog_color": "#045cd5"
    },
    "jungle": {
      "water_surface_color": "#42CAEC",
      "water_fog_color": "#14A2C5"
    },
    "bamboo_jungle": {
      "water_surface_color": "#42CAEC",
      "water_fog_color": "#14A2C5"
    },
    "jungle_mutated": {
      "water_surface_color": "#42CAEC",
      "water_fog_color": "#1B9ED8"
    },
    "jungle_hills": {
      "water_surface_color": "#42CAEC",
      "water_fog_color": "#1B9ED8"
    },
    "bamboo_jungle_hills": {
      "water_surface_color": "#42CAEC",
      "water_fog_color": "#1B9ED8"
    },
    "jungle_edge": {
      "water_surface_color": "#42CAEC",
      "water_fog_color": "#0D8AE3"
    },
    "stone_beach": {
      "water_surface_color": "#3698F1",
      "water_fog_color": "#0d67bb"
    },
    "cold_beach": {
      "water_surface_color": "#3195E6",
      "water_fog_color": "#1463a5",
      "water_fog_distance": 5012
    },
    "birch_forest": {
      "water_surface_color": "#28A0F9",
      "water_fog_color": "#0677ce"
    },
    "birch_forest_hills": {
      "water_surface_color": "#28A0F9",
      "water_fog_color": "#0a74c4"
    },
    "roofed_forest": {
      "water_surface_color": "#698EDC",
      "water_fog_color": "#3B6CD1"
    },
    "cold_taiga": {
      "water_surface_color": "#3191CA",
      "water_fog_color": "#205e83"
    },
    "cold_taiga_mutated": {
      "water_surface_color": "#3191CA",
      "water_fog_color": "#205e83"
    },
    "cold_taiga_hills": {
      "water_surface_color": "#3191CA",
      "water_fog_color": "#245b78"
    },
    "mega_taiga": {
      "water_surface_color": "#4AADBB",
      "water_fog_color": "#2d6d77"
    },
    "mega_spruce_taiga": {
      "water_surface_color": "#45A8B6",
      "water_fog_color": "#2d6d77"
    },
    "mega_taiga_mutated": {
      "water_surface_color": "#45A8B6",
      "water_fog_color": "#2d6d77"
    },
    "mega_spruce_taiga_mutated": {
      "water_surface_color": "#45A8B6",
      "water_fog_color": "#2d6d77"
    },
    "mega_taiga_hills": {
      "water_surface_color": "#3D96B8",
      "water_fog_color": "#286378"
    },
    "extreme_hills_plus_trees": {
      "water_surface_color": "#138AEC",
      "water_fog_color": "#0E63AB"
    },
    "extreme_hills_plus_trees_mutated": {
      "water_surface_color": "#138AEC",
      "water_fog_color": "#0E63AB"
    },
    "extreme_hills_mutated": {
      "water_surface_color": "#138AEC",
      "water_fog_color": "#0E63AB"
    },
    "savanna": {
      "water_surface_color": "#3EB4C8",
      "water_fog_color": "#2C8B9C"
    },
    "savanna_plateau": {
      "water_surface_color": "#4ABED7",
      "water_fog_color": "#2590A8"
    },
    "savanna_mutated": {
      "water_surface_color": "#4ABED7",
      "water_fog_color": "#2590A8"
    },
    "mesa": {
      "water_surface_color": "#79ACAE",
      "water_fog_color": "#4E7F81"
    },
    "mesa_bryce": {
      "water_surface_color": "#78A8BE",
      "water_fog_color": "#497F99"
    },
    "mesa_mutated": {
      "water_surface_color": "#72A4BC",
      "water_fog_color": "#497F99"
    },
    "mesa_plateau_stone": {
      "water_surface_color": "#8CACC1",
      "water_fog_color": "#55809E"
    },
    "mesa_plateau": {
      "water_surface_color": "#8CACC1",
      "water_fog_color": "#55809E"
    },
    "ocean": {
      "water_surface_color": "#7CC2F1",
      "water_fog_color": "#1165b0",
      "water_fog_distance": 5012
    },
    "deep_ocean": {
      "water_surface_color": "#7CC2F1",
      "water_fog_color": "#1463a5",
      "water_fog_distance": 5012
    },
    "warm_ocean": {
      "water_surface_color": "#7CC2F1",
      "water_surface_transparency": 0.05,
      "water_fog_color": "#0289d5",
      "water_fog_distance": 5012
    },
    "deep_warm_ocean": {
      "water_surface_color": "#7CC2F1",
      "water_fog_color": "#0686ca",
      "water_fog_distance": 5012
    },
    "lukewarm_ocean": {
      "water_surface_color": "#4AABEC",
      "water_fog_color": "#0a74c4",
      "water_fog_distance": 5012
    },
    "deep_lukewarm_ocean": {
      "water_surface_color": "#4AABEC",
      "water_fog_color": "#0e72b9",
      "water_fog_distance": 5012
    },
    "cold_ocean": {
      "water_surface_color": "#2E93DE",
      "water_fog_color": "#14559b",
      "water_fog_distance": 5012
    },
    "deep_cold_ocean": {
      "water_surface_color": "#2E93DE",
      "water_fog_color": "#185390",
      "water_fog_distance": 5012
    },
    "frozen_ocean": {
      "water_surface_color": "#398CD7",
      "water_fog_color": "#174985",
      "water_fog_distance": 5012
    },
    "deep_frozen_ocean": {
      "water_surface_color": "#398CD7",
      "water_fog_color": "#1a4879",
      "water_fog_distance": 5012
    }
  }
}
