{
	"format_version": [1,1,0],
	"frame" : { 
		"blockshape" : "invisible", 
		"textures" : "itemframe_background",
		"sound": "itemframe"
	},
	"furnace": {
		"textures": {
		  "up": "furnace_top_off",
		  "down": "furnace_top_off",
		  "north": "furnace_side_off",
		  "south": "furnace_front_off",
		  "west": "furnace_side_off",
		  "east": "furnace_side_off"
		},
		"sound": "stone"
	},
	"lit_furnace": {
		"textures": {
		  "up": "furnace_top_on",
		  "down": "furnace_top_on",
		  "north": "furnace_side_on",
		  "south": "furnace_side_on",
		  "west": "furnace_side_on",
		  "east": "furnace_front_on"
		},
		"carried_textures":{
			"up": "furnace_top_on",
			"down": "furnace_top_on",
			"north": "furnace_side_on",
			"south": "furnace_front_on",
			"west": "furnace_side_on",
			"east": "furnace_side_on"
		},
		"sound": "stone"
	},
	"smoker": {
		"textures": {
		  "up": "smoker_top",
		  "down": "smoker_bottom",
		  "north": "smoker_side",
		  "south": "smoker_front_off",
		  "west": "smoker_side",
		  "east": "smoker_side"
		},
		"sound": "stone"
	},
	"lit_smoker": {
		"textures": {
		  "up": "smoker_top_on",
		  "down": "smoker_bottom_on",
		  "north": "smoker_side_on",
		  "south": "smoker_side_on",
		  "west": "smoker_side_on",
		  "east": "smoker_front_on"
		},
		"carried_textures":{
			"up": "smoker_top_on",
			"down": "smoker_top_on",
			"north": "smoker_side_on",
			"south": "smoker_front_on",
			"west": "smoker_side_on",
			"east": "smoker_side_on"
		},
		"sound": "stone"
	},
	"blast_furnace": {
		"textures": {
		  "up": "blast_furnace_top",
		  "down": "blast_furnace_top",
		  "north": "blast_furnace_side",
		  "south": "blast_furnace_front_off",
		  "west": "blast_furnace_side",
		  "east": "blast_furnace_side"
		},
		"sound": "stone"
	},
	"lit_blast_furnace": {
		"textures": {
		  "up": "blast_furnace_top_on",
		  "down": "blast_furnace_top_on",
		  "north": "blast_furnace_side_on",
		  "south": "blast_furnace_side_on",
		  "west": "blast_furnace_side_on",
		  "east": "blast_furnace_front_on"
		},
		"carried_textures":{
			"up": "blast_furnace_top_on",
			"down": "blast_furnace_top_on",
			"north": "blast_furnace_side_on",
			"south": "blast_furnace_front_on",
			"west": "blast_furnace_side_on",
			"east": "blast_furnace_side_on"
		},
		"sound": "stone"
        }
}
