{
  "resource_pack_name": "vanilla",
  "texture_name": "atlas.terrain",
  "padding": 8,
  "num_mip_levels": 4,
  "texture_data": {
  		"smoker_front_off": {
			"textures": "textures/blocks/smoker_front"
		},
		"smoker_front_on": {
			"textures": "textures/blocks/smoker_front_on"
		},
		"smoker_top": {
			"textures": [
			  "textures/blocks/smoker_top"
			]
		},
		"smoker_top_on": {
			"textures": [
			  "textures/blocks/smoker_top_on"
			]
		},
		"smoker_bottom": {
			"textures": [
			  "textures/blocks/smoker_bottom"
			]
		},
		"smoker_bottom_on": {
			"textures": [
			  "textures/blocks/smoker_bottom_on"
			]
		},
		"smoker_side": {
			"textures": [
			  "textures/blocks/smoker_side"
			]
		},
		"smoker_side_on": {
			"textures": [
			  "textures/blocks/smoker_side_on"
			]
		},
		"blast_furnace_front_off": {
			"textures": "textures/blocks/blast_furnace_front_off"
		},
		"blast_furnace_front_on": {
			"textures": "textures/blocks/blast_furnace_front_on"
		},
		"blast_furnace_top": {
			"textures": [
			  "textures/blocks/blast_furnace_top"
			]
		},
		"blast_furnace_top_on": {
			"textures": [
			  "textures/blocks/blast_furnace_top_on"
			]
		},
		"blast_furnace_side": {
			"textures": [
			  "textures/blocks/blast_furnace_side"
			]
		},
		"blast_furnace_side_on": {
			"textures": [
			  "textures/blocks/blast_furnace_side_on"
			]
		},
		"furnace_top_off": {
			"textures": [
			  "textures/blocks/furnace_top"
			]
		},
		"furnace_top_on": {
			"textures": [
			  "textures/blocks/furnace_top_on"
			]
		},
		"furnace_side_off": {
			"textures": [
			  "textures/blocks/furnace_side"
			]
		},
		"furnace_side_on": {
			"textures": [
			  "textures/blocks/furnace_side_on"
			]
		},
    "missing": {
      "textures": "textures/misc/missing_texture"
        },
    "double_plant_carried":
        {
      "textures": [
        "textures/blocks/double_plant_sunflower_bottom",
        "textures/blocks/double_plant_syringa_bottom",
        "textures/blocks/double_plant_grass_bottom",
        "textures/blocks/double_plant_fern_bottom",
        "textures/blocks/double_plant_rose_bottom",
        "textures/blocks/double_plant_paeonia_bottom"
      ]
    }
  }
}