{
  "format_version": "1.10.0",
  "minecraft:attachable": {
    "description": {
      "identifier": "minecraft:turtle_helmet.villager",
      "item": { "minecraft:turtle_helmet": "query.owner_identifier == 'minecraft:zombie_villager_v2'" },
      "materials": {
        "default": "armor",
        "enchanted": "armor_enchanted"
      },
      "textures": {
        "default": "textures/models/armor/turtle_1",
        "enchanted": "textures/misc/enchanted_item_glint"
      },
      "geometry": {
        "default": "geometry.villager.helmet"
      },
      "render_controllers": [ "controller.render.armor" ]
    }
  }
}
